{
    "avg_rgb": [
        117.59327979560416,
        112.36469593256018,
        106.04654958003486
    ],
    "avg_saturation": 30.684732937026038,
    "avg_brightness": 119.84190769413905,
    "avg_contrast": 89.39438376594761
}